Paulo Sergio  Ceretta,Eduardo Dalcin
Eduardo Dalcin,Ilse  Abegg
Ilse  Abegg,Paulo Sergio  Ceretta
Rina  Ricci-Cagnacci,J. Laize S. Oliveira
J. Laize S. Oliveira,Rina  Ricci-Cagnacci
Vanessa Battestin,Dainer Marçal  Dias
Dainer Marçal  Dias,Vanessa Battestin
Pétala Tuani Candido de Oliveira Salvador,Alexandy Michel Dantas  Santos
Alexandy Michel Dantas  Santos,Rayssa Horacio  Lopes
Rayssa Horacio  Lopes,Kisna Yasmin Andrade  Alves
Kisna Yasmin Andrade  Alves,Lannuzya Verí­ssimo e   Oliveira
Lannuzya Verí­ssimo e   Oliveira,Pétala Tuani Candido de Oliveira Salvador
Regina Farias de   Souza,Giselle Cristina Martins  Real
Giselle Cristina Martins  Real,Francielle Priscyla Pott
Francielle Priscyla Pott,Regina Farias de   Souza
Estefan Monteiro da  Fonseca,Maria Hermí­nia Schenkel
Maria Hermí­nia Schenkel,Estefan Monteiro da  Fonseca
Roney Gusmão,Roney Gusmão
Vanessa Faria de  Souza,Vanessa Faria de  Souza
Angélica da Fontoura Garcia Silva,Marcia Lopes de Moraes  Sella
Marcia Lopes de Moraes  Sella,Diego Fogaça  Carvalho
Diego Fogaça  Carvalho,Angela Meneghello  Passos
Angela Meneghello  Passos,Angélica da Fontoura Garcia Silva
Érika Luí­se Benini,Kári Lúcia Forneck
Kári Lúcia Forneck,Lucimara Fiorese
Lucimara Fiorese,Érika Luí­se Benini
Lucila Maria Costi  Santarosa,Camila Guedes  Guerra
Camila Guedes  Guerra,Fernando Henrique Fogaça  Carneiro
Fernando Henrique Fogaça  Carneiro,Lucila Maria Costi  Santarosa
Wander  Plassa,Wander  Plassa
Mariana Conceição de  Souza,Livia Deris  Prado
Livia Deris  Prado,Camila Areias de  Oliveira
Camila Areias de  Oliveira,Mariana Conceição de  Souza
Patricia Bassani,Daniela Cardoso  Tavares
Daniela Cardoso  Tavares,Sandra Oliveira
Sandra Oliveira,Filipe Santos
Filipe Santos,Patricia Bassani
Paulo Henrique Santos de Sousa,Bruno Santana da Silva
Bruno Santana da Silva,Paulo Henrique Santos de Sousa
Gabriela Perry,Napoliana Silva de  Souza
Napoliana Silva de  Souza,Gabriela Perry
Francesca Danielle Gurgel dos  Santos,Francisca Hênia Peixoto
Francisca Hênia Peixoto,Francesca Danielle Gurgel dos  Santos
Germana Costa  Paixão,Anayara Fernandes  Chagas
Anayara Fernandes  Chagas,Samuel David Capistrano  Malveira
Samuel David Capistrano  Malveira,Mayara Setúbal Oliveira  Araújo
Mayara Setúbal Oliveira  Araújo,Lydia Dayanne Maia  Pantoja
Lydia Dayanne Maia  Pantoja,Germana Costa  Paixão
Ana Emilia Figueiredo de  Oliveira,Francenilde Silva de  Sousa
Francenilde Silva de  Sousa,Paola Trindade  Garcia
Paola Trindade  Garcia,Deysianne Costa das  Chagas
Deysianne Costa das  Chagas,Stephanie Matos  Silva
Stephanie Matos  Silva,Regimarina Soares  Reis
Regimarina Soares  Reis,Ana Emilia Figueiredo de  Oliveira
Ellem de Souza Coimbra,Flávia Barbosa da Silva Dutra
Flávia Barbosa da Silva Dutra,Alexandre Botelho José
Alexandre Botelho José,Adriana Maria da Silva Pereira
Adriana Maria da Silva Pereira,Ana Paula  Miranda da Silva
Ana Paula  Miranda da Silva,Ellem de Souza Coimbra
Diene Eire de  Méllo,Krishna Campos
Krishna Campos,Dirce Aparecida Foletto de Moraes
Dirce Aparecida Foletto de Moraes,Diene Eire de  Méllo
Marianne  Spalding,Sofia Tosta
Sofia Tosta,Ellen Eduarda Fernandes
Ellen Eduarda Fernandes,Luana Marotta Reis de  Vasconcellos
Luana Marotta Reis de  Vasconcellos,Miguel Angel Castillo  Salgado
Miguel Angel Castillo  Salgado,Marianne  Spalding
Denise Lannes,Cristina Oliveira Maia
Cristina Oliveira Maia,Denise Lannes
Márcia Barroso  Fontes,Thalita Rodrigues  Rossi
Thalita Rodrigues  Rossi,Márcia Barroso  Fontes
Rosana Dos Santos  Jordão,Ana Flavia  Segati
Ana Flavia  Segati,Rosana Dos Santos  Jordão
Gabrielle Alves Chagas,Maria Carolina Tomás
Maria Carolina Tomás,Otaviano Francisco Neves
Otaviano Francisco Neves,Liza  Fensterseifer
Liza  Fensterseifer,Gabrielle Alves Chagas
Sônia Regina  Mincov de Almeida,Tarliz Liao
Tarliz Liao,Andrea Thees
Andrea Thees,Ingrid Lane  dos Santos Galvão
Ingrid Lane  dos Santos Galvão,Sônia Regina  Mincov de Almeida
Wagner Ladislau Rique  Ferreira,Ana Rangel
Ana Rangel,Cosme Cesar Senra
Cosme Cesar Senra,Wagner Ladislau Rique  Ferreira
Cleide Jane de Sá Araújo  Costa,Flávio Pereira
Flávio Pereira,Luis Paulo Leopoldo  Mercado
Luis Paulo Leopoldo  Mercado,Cleide Jane de Sá Araújo  Costa
Márcia Regina de Oliveira  Poletine,Paulo Constantino
Paulo Constantino,Helena Gemignani Peterossi
Helena Gemignani Peterossi,Márcia Regina de Oliveira  Poletine
Adálcio Carvalho de   Araújo,Bruno Otávio Arantes
Bruno Otávio Arantes,Rafael Amon Veloso  Parreiras
Rafael Amon Veloso  Parreiras,Luí­s Eduardo Silveira Rivelli  Medeiros
Luí­s Eduardo Silveira Rivelli  Medeiros,Adálcio Carvalho de   Araújo
Germana Costa  Paixão,Lí­via Maria Galdino  Pereira
Lí­via Maria Galdino  Pereira,Mayara Setúbal Oliveira  Araújo
Mayara Setúbal Oliveira  Araújo,Renata Vieira do  Nascimento
Renata Vieira do  Nascimento,Vanessa Alves  Pereira
Vanessa Alves  Pereira,Lydia Dayanne Maia  Pantoja
Lydia Dayanne Maia  Pantoja,Germana Costa  Paixão
Patricia Alejandra Behar,Rafael Leonardo Vivian
Rafael Leonardo Vivian,Sí­lvio César Cazella
Sí­lvio César Cazella,Leticia Rocha Machado
Leticia Rocha Machado,Patricia Alejandra Behar
Deise Ferreira Fernandes  Paes,Leandro de Oliveira  Silva
Leandro de Oliveira  Silva,Juliana Lopes  Moraes
Juliana Lopes  Moraes,Deise Ferreira Fernandes  Paes
Rosa Maria  Vicari,Paulo Roberto Cordova
Paulo Roberto Cordova,Cristiano Mesquita Garcia
Cristiano Mesquita Garcia,Rosa Maria  Vicari
Vanessa  Battestin,Bruno Porto
Bruno Porto,Vanessa  Battestin
Arilise Moraes de Almeida  Lopes,Jamil Bussade
Jamil Bussade,Arilise Moraes de Almeida  Lopes
Marcos Coelho  Bissoli,Michelle Cristine Silva  Toti
Michelle Cristine Silva  Toti,Amanda Rezende Costa  Xavier
Amanda Rezende Costa  Xavier,Marcos Coelho  Bissoli
Pollyanna  Santos,Vanessa Battestin
Vanessa Battestin,Pollyanna  Santos
Amanda Tolomelli Brescia,Daniel Santos  Braga
Daniel Santos  Braga,Amanda Tolomelli Brescia
Elaine Jesus  Alves,Dorcas Janice Weber
Dorcas Janice Weber,Elaine Jesus  Alves
Carlos Alberto Marçal  Gonzaga,Simone Soares
Simone Soares,Flávia Massuga
Flávia Massuga,Carlos Alberto Marçal  Gonzaga
Sérgio Augusto Pereira Bastos,Paulo de Jesus Santos Silva
Paulo de Jesus Santos Silva,Sérgio Augusto Pereira Bastos
Caroline Tozzi  Reppold,Carolina Sturm  Trindade
Carolina Sturm  Trindade,Sérgio Kakuta  Kato
Sérgio Kakuta  Kato,Ana Paula Borngraber  Correa
Ana Paula Borngraber  Correa,Ylana Elias  Rodrigues
Ylana Elias  Rodrigues,Marcelo Rodrigues  Gonçalves
Marcelo Rodrigues  Gonçalves,Nelson   Hauck Filho
Nelson   Hauck Filho,Caroline Tozzi  Reppold
Camila Paiva  Perin,Camila Paola da Costa  Xavier
Camila Paola da Costa  Xavier,Liliane  Roskamp
Liliane  Roskamp,Rafaela Martins  de Farias
Rafaela Martins  de Farias,Natanael Henrique  Mattos
Natanael Henrique  Mattos,Isabela Ribeiro  Madalena
Isabela Ribeiro  Madalena,Erika Calvano   Küchler
Erika Calvano   Küchler,Maria Carolina Botelho Pires  de Campos
Maria Carolina Botelho Pires  de Campos,Flares  Baratto-Filho
Flares  Baratto-Filho,Isabela Roskamp  Sunye
Isabela Roskamp  Sunye,Camila Paiva  Perin
Rodrigo Ferreira de   Moura,Maeve Freitas
Maeve Freitas,Miriam Monteiro de Castro  Graciano
Miriam Monteiro de Castro  Graciano,Marluce Rodrigues  Pereira
Marluce Rodrigues  Pereira,Rodrigo Ferreira de   Moura
Adilson Ventura,Marcelle Bittencourt  Xavier
Marcelle Bittencourt  Xavier,Adilson Ventura
Regiane Trigueiro  Vicente,Luciana Boff  Turchielo
Luciana Boff  Turchielo,Daniel Fabio Salvador
Daniel Fabio Salvador,Regiane Trigueiro  Vicente
Derli Juliano  Neuenfeldt,Manoel Maria Silva  Negrão
Manoel Maria Silva  Negrão,Derli Juliano  Neuenfeldt
Zeina Rebouças Corrêa  Thomé,Waldemir Rodrigues  Costa Junior
Waldemir Rodrigues  Costa Junior,Zeina Rebouças Corrêa  Thomé
Marcos César da Rocha Seruffo,Ivonete Davis
Ivonete Davis,Pedro Almeida dos  Santos Junior
Pedro Almeida dos  Santos Junior,Fernando Augusto Ribeiro  Costa
Fernando Augusto Ribeiro  Costa,Hilda Rosa Moraes de Freitas  Rosário
Hilda Rosa Moraes de Freitas  Rosário,Denis Rosário
Denis Rosário,Marcos César da Rocha Seruffo
Francis Kanashiro  Meneghetti,Jurandir Peinado
Jurandir Peinado,Fernando Ressetti Pinheiro Marques  Vianna
Fernando Ressetti Pinheiro Marques  Vianna,Francis Kanashiro  Meneghetti
Fernanda Cristina Nunes Pontes  Marques,Jéssica Tarine Moitinho de  Lima
Jéssica Tarine Moitinho de  Lima,Ludmila Leite Madeira da  Costa
Ludmila Leite Madeira da  Costa,Fernanda Cristina Nunes Pontes  Marques
Marcus Vinicius Maltempi,Maria Luiza Ledesma  Rodrigues
Maria Luiza Ledesma  Rodrigues,Marcus Vinicius Maltempi
Thais Gimenez,Marcelo Cavalcanti
Marcelo Cavalcanti,Aline Piruna
Aline Piruna,Thais Gimenez
Fernando Icaro,Bruno Conrad
Bruno Conrad,Mayra Ceschini
Mayra Ceschini,Fernando Icaro
Michel Mansur  Machado,Adriane Lettnin Roll  Feijo
Adriane Lettnin Roll  Feijo,Aline Lisbôa  Medina
Aline Lisbôa  Medina,Fernanda Macke  Hellwig
Fernanda Macke  Hellwig,Michel Mansur  Machado
Taize de Andrade Machado  Lopes,Fabiana da Costa Pereira
Fabiana da Costa Pereira,Taize de Andrade Machado  Lopes
Gustavo Salomão Pinto,Wendy Beatriz Witt Haddad  Carraro
Wendy Beatriz Witt Haddad  Carraro,Thom Christian Ribeiro Theodoro
Thom Christian Ribeiro Theodoro,Gustavo Salomão Pinto
Alvori Ahlert,Maria Vitoria Fontolan
Maria Vitoria Fontolan,Katiucia de Oliveira  Peres
Katiucia de Oliveira  Peres,Simone Cesario  Soares
Simone Cesario  Soares,Alvori Ahlert
Roberta Stofeles  Cecon,Maria Augusta Vasconcelos Palácio
Maria Augusta Vasconcelos Palácio,Iukary Takenami
Iukary Takenami,Laí­s Barreto de Brito Gonçalves
Laí­s Barreto de Brito Gonçalves,Roberta Stofeles  Cecon
Maria Margarete Baccin  Brizola,Mara Aparecida Barnaski  Fagundes
Mara Aparecida Barnaski  Fagundes,Jorge Oneide Sausen
Jorge Oneide Sausen,Maria Margarete Baccin  Brizola
Tania Cremonini  Araújo-Jorge,Roberto Rodrigues Ferreira
Roberto Rodrigues Ferreira,Rita de Cássia Machado da  Rocha
Rita de Cássia Machado da  Rocha,Viní­cius dos Santos  Moraes
Viní­cius dos Santos  Moraes,Tania Cremonini  Araújo-Jorge
Maria Angelica Miglino,José Miguel Velásquez  Salazar
José Miguel Velásquez  Salazar,Maria Angelica Miglino
Telma Brito Rocha,Telma Brito Rocha
Fernanda de Jesus  Costa,André Victor Rocha  Viana
André Victor Rocha  Viana,Diego Alves  Simão
Diego Alves  Simão,Karen Helen Batista de  Souza
Karen Helen Batista de  Souza,Sabrina Rosa Magalhães  Garcia
Sabrina Rosa Magalhães  Garcia,Marisa Cristina Fonseca  Casteluber
Marisa Cristina Fonseca  Casteluber,Silvia Quintão  Savergnini
Silvia Quintão  Savergnini,Fernanda de Jesus  Costa
Sonia Barbosa dos Santos,Mariana Castro de  Vasconcelos
Mariana Castro de  Vasconcelos,Luiz Eduardo Macedo de  Lacerda
Luiz Eduardo Macedo de  Lacerda,Karine Pereira Albuquerque de  Souza
Karine Pereira Albuquerque de  Souza,Sonia Barbosa dos Santos
Luí­sa Miranda Nunes da Costa  Ignacio,Carlos Alberto Moreira dos Santos
Carlos Alberto Moreira dos Santos,Alessandra Auxiliadora de Souza  Conceição
Alessandra Auxiliadora de Souza  Conceição,Danilo Alvarenga  Corrêa
Danilo Alvarenga  Corrêa,Iara Rosa  Silva
Iara Rosa  Silva,Mariana Aranha de  Souza
Mariana Aranha de  Souza,Marco
Marco,Luí­sa Miranda Nunes da Costa  Ignacio
Márcia Gorett Ribeiro Grossi,Márcia Gorett Ribeiro Grossi
João Victor Ferreira Teixeira  Costa,Felipe Tavares
Felipe Tavares,Rodrigo Lobato
Rodrigo Lobato,João Victor Ferreira Teixeira  Costa
José Cavalcante  Lacerda Junior,Elcicleia Teixeira  Lima
Elcicleia Teixeira  Lima,José Cavalcante  Lacerda Junior
Adriano Edo Neuenfeldt,Derli Juliano Neuenfeldt
Derli Juliano Neuenfeldt,Raquel Cristina Michel
Raquel Cristina Michel,Rogério José Schuck
Rogério José Schuck,Adriano Edo Neuenfeldt
Robson  Coutinho-Silva,Larissa  Tebaldi-Reis
Larissa  Tebaldi-Reis,Gabriela Dias  Bevilacqua
Gabriela Dias  Bevilacqua,Robson  Coutinho-Silva
Renata  Costa,Marilene Santana dos Santos Garcia
Marilene Santana dos Santos Garcia,Renata  Costa
Mauren Assis de  Souza,José Antonio da Silva Ferreira Júnior
José Antonio da Silva Ferreira Júnior,Letí­cia Corrêa  Vaz
Letí­cia Corrêa  Vaz,Mauren Assis de  Souza
Niely Natalino de Freitas  Leyendecker,Rosa Maria Garcia Monaco
Rosa Maria Garcia Monaco,Niely Natalino de Freitas  Leyendecker
Rosa Maria Marcos  Mendes,Priscila da Paixão Silva  Veras
Priscila da Paixão Silva  Veras,Sylvia Coelho Alves  Sineiro
Sylvia Coelho Alves  Sineiro,Camila Eller  Gomes
Camila Eller  Gomes,Rosa Maria Marcos  Mendes
Suzane Silveira,Hosana Ramôa
Hosana Ramôa,Liz Regina Silveira  Barbosa
Liz Regina Silveira  Barbosa,Suzane Silveira
Phillip Vilanova  Ilha,Any Gracyelle Brum dos  Santos
Any Gracyelle Brum dos  Santos,Patrí­cia Becker   Engers
Patrí­cia Becker   Engers,Thais de Lima dos  Santos
Thais de Lima dos  Santos,Rafaela Gonçalves  Bellinazo
Rafaela Gonçalves  Bellinazo,Phillip Vilanova  Ilha
Gabrielle de Souza  Rocha,Caroline Fernandes-Santos
Caroline Fernandes-Santos,Renata Frauches  Medeiros
Renata Frauches  Medeiros,Gabrielle de Souza  Rocha
Aparecido  Pimentel,Carlos Vasconcellos Ribeiro
Carlos Vasconcellos Ribeiro,Marcia  Cavalcanti
Marcia  Cavalcanti,Aparecido  Pimentel
Sueli Barbosa Thomaz,Milena de Sousa Nascimento
Milena de Sousa Nascimento,Everton Costa Santos
Everton Costa Santos,Simone de Paula Silva
Simone de Paula Silva,Sueli Barbosa Thomaz
Flávia,Alexandre Botelho José
Alexandre Botelho José,Adriana
Hugo Sousa  Campos,Hugo Sousa  Campos
Paulo César Gomes,Daniel Buniotti
Daniel Buniotti,Paulo César Gomes
Luiza Carneiro Mareti  Valente,Daniele Mendonça  Ferreira
Daniele Mendonça  Ferreira,Adriana Pittella  Sudré
Adriana Pittella  Sudré,Cí­ntia Regina Lacerda  Rabello
Cí­ntia Regina Lacerda  Rabello,Caroline  Fernandes-Santos
Caroline  Fernandes-Santos,Silvia Pereira
Silvia Pereira,Luiza Carneiro Mareti  Valente
Edison Trombeta de  Oliveira,Mônica Garbin
Mônica Garbin,Edison Trombeta de  Oliveira
Douglas Arnaldo  Kraut,Bernadete Lema  Mazzafera
Bernadete Lema  Mazzafera,Lisandra Costa Pereira  Kirnew
Lisandra Costa Pereira  Kirnew,Anderson Jorge Marcolino  Pinheiro
Anderson Jorge Marcolino  Pinheiro,Luciane Guimarães Batistella  Bianchini
Luciane Guimarães Batistella  Bianchini,Luciana Michele  Ventura
Luciana Michele  Ventura,Douglas Arnaldo  Kraut
Lucilene de Souza  Tatagiba,Jocilea de Souza Tatagiba
Jocilea de Souza Tatagiba,Lucilene de Souza  Tatagiba
Constanza Polinari  Sabattini,Nerea Lucrecia Jodor
Nerea Lucrecia Jodor,Manuel Carrasco
Manuel Carrasco,Trinidad Carolina Grounds
Trinidad Carolina Grounds,Lautaro Sánchez Lusarreta
Lautaro Sánchez Lusarreta,Constanza Polinari  Sabattini
Mauricio Abreu Pinto  Peixoto,Luciana Rocha dos Santos
Luciana Rocha dos Santos,Cleide Ferreira da Silva  Albuquerque
Cleide Ferreira da Silva  Albuquerque,Luciana Lima de Albuquerque da  Veiga
Luciana Lima de Albuquerque da  Veiga,Mauricio Abreu Pinto  Peixoto
Cí­ntia Alethéia de  Paiva,Thiago  de Oliveira   Lemes
Thiago  de Oliveira   Lemes,Cí­ntia Alethéia de  Paiva
Mariana Pí­caro Cerigatto,Mariana Pí­caro Cerigatto
João Victor Figueiredo Cardoso  Rodrigues,Afranio Ferreira  Neves Junior
Afranio Ferreira  Neves Junior,Sueyla Ferreria da Silva dos  Santos
Sueyla Ferreria da Silva dos  Santos,Pedro Henrique  Mariosa
Pedro Henrique  Mariosa,Renan dos Santos  Rodrigues
Renan dos Santos  Rodrigues,João Victor Figueiredo Cardoso  Rodrigues
Luciana Barros Farias  Lima,Layane Cristine de Souza  Rodrigues
Layane Cristine de Souza  Rodrigues,Edicléa Mascarenhas Fernandes
Edicléa Mascarenhas Fernandes,Suellen da Rocha  Rodrigues
Suellen da Rocha  Rodrigues,Luciana Barros Farias  Lima
Raul Elton Araújo Borges,Amanda Félix Gonçalves  Tomaz
Amanda Félix Gonçalves  Tomaz,Davi Neto de Araújo  Silva
Davi Neto de Araújo  Silva,Raul Elton Araújo Borges
Livia Castro D'avila,Errol Fernando Zepka Pereira Junior
Errol Fernando Zepka Pereira Junior,Tanise Paula Novello
Tanise Paula Novello,Rafael Camarg Ferraz
Rafael Camarg Ferraz,Pedro Antônio de Melo
Pedro Antônio de Melo,Livia Castro D'avila
Renato Corrêa da Silva  Lessa,Renato Corrêa da Silva  Lessa
Marize Lyra Silva  Passos,Roberta de Sousa  Almeida
Roberta de Sousa  Almeida,Marize Lyra Silva  Passos
Patricia Alejandra  Behar,Ketia Kellen Araújo da  Silva
Ketia Kellen Araújo da  Silva,Patricia Alejandra  Behar
Cleber Carvalho de  Castro,Jairo Gustavo de  Lima
Jairo Gustavo de  Lima,Cleber Carvalho de  Castro
Solange Pertile,Thiago Siqueira  Sonnenstrahl
Thiago Siqueira  Sonnenstrahl,Giliane  Bernardi
Giliane  Bernardi,Solange Pertile
Marcos Antonio de Oliveira,Marcos Antonio de Oliveira
Emerson Joucoski,Patrí­cia Corrêa Wasilewski  Kluthcovsky
Patrí­cia Corrêa Wasilewski  Kluthcovsky,Emerson Joucoski
Douglas da Silva  Cunha,Flavia De Souza Lima   Gonçalves
Flavia De Souza Lima   Gonçalves,Douglas da Silva  Cunha
Eliane Cristina Gava  Pizi,Juliane Avansini Marsicano
Juliane Avansini Marsicano,Rosana Leal do Prado
Rosana Leal do Prado,Ligia Teixeira  de Oliveira
Ligia Teixeira  de Oliveira,Claudia Oliveira Lima  Coelho
Claudia Oliveira Lima  Coelho,Bruna Souza  Andrade
Bruna Souza  Andrade,Eliane Cristina Gava  Pizi
Wellington Oliveira,Wellington Oliveira
Patricia Alejandra  Behar,Sandra Andrea Assumpção  Maria
Sandra Andrea Assumpção  Maria,Alexandra Lorandi
Alexandra Lorandi,Patricia Alejandra  Behar
Daniel Fábio Salvador,André Henrique Silva Souza
André Henrique Silva Souza,Daniel Fábio Salvador
Valquiria da Silva   Barros,Fabio Rapello Alencar
Fabio Rapello Alencar,Valquiria da Silva   Barros
Iandra Maria Weirich da Silva  Coelho,Iandra Maria Weirich da Silva  Coelho
Fernanda Guinoza Matuda,Bruno José Betti Galasso
Bruno José Betti Galasso,Fernanda Guinoza Matuda
Denise Macedo  Ziliotto,Juliano Corrêa  da Silva
Juliano Corrêa  da Silva,Vera Lucia Felicetti
Vera Lucia Felicetti,Denise Macedo  Ziliotto
Benilda Miranda Veloso  Silva,João Batista do Carmo Silva
João Batista do Carmo Silva,Marlanje Solene  Ferreira
Marlanje Solene  Ferreira,Benilda Miranda Veloso  Silva
Sí­lvio César Cazella,Fernando Freitas Portella
Fernando Freitas Portella,Rodrigo Alves  Tubelo
Rodrigo Alves  Tubelo,Maria Eugênia Bresolin  Pinto
Maria Eugênia Bresolin  Pinto,Alessandra Dahmer
Alessandra Dahmer,Márcia Rosa da  Costa
Márcia Rosa da  Costa,Sí­lvio César Cazella
Maurí­cio Roberto Motta Pinto da Luz,Francisco José Figueiredo Coelho
Francisco José Figueiredo Coelho,Simone Monteiro
Simone Monteiro,Maurí­cio Roberto Motta Pinto da Luz
Alda Pereira,Cláudia Gomes
Cláudia Gomes,Alda Pereira
Cí­ntia Inês  Boll,Cristiano da Cruz  Fraga
Cristiano da Cruz  Fraga,Cecilia Decarli
Cecilia Decarli,Cí­ntia Inês  Boll
Tarliz Liao,Keli Maurina  Cristina
Keli Maurina  Cristina,Tarliz Liao
Suzana Cristina Andrade  Moura,Patricia Margarida  Coelho
Patricia Margarida  Coelho,Suzana Cristina Andrade  Moura
Leandro Campi Prearo,Renato Emanuel Gomes   Da Silva
Renato Emanuel Gomes   Da Silva,Janayna  Arruda Barroso
Janayna  Arruda Barroso,Alyne Mantoan
Alyne Mantoan,Leandro Campi Prearo
Maria Isabel Giusti  Moreira,Bruna
Bruna,Ariane da Silva  Behling
Ariane da Silva  Behling,Maria Isabel Giusti  Moreira
Rodolfo Jardim de  Azevedo,Melanie Retz Godoy dos Santos   Zwicker
Melanie Retz Godoy dos Santos   Zwicker,Karen Dias de  Sousa
Karen Dias de  Sousa,Rosivânia Santos de  Jesus
Rosivânia Santos de  Jesus,Luciana Cristina de Souza
Luciana Cristina de Souza,Rodolfo Jardim de  Azevedo
Anderson Gonçalves  Leite,Denise de Castro Insaurriaga  Silva
Denise de Castro Insaurriaga  Silva,Anderson Gonçalves  Leite
Elka Cândida de Oliveira  Machado,Daniela da Costa Britto Pereira  Lima
Daniela da Costa Britto Pereira  Lima,Maria Aparecida Rodrigues da  Fonseca
Maria Aparecida Rodrigues da  Fonseca,Elka Cândida de Oliveira  Machado
Magnólia Fernandes Florêncio de Araújo,Jorge Luiz Ferreira Ramineli
Jorge Luiz Ferreira Ramineli,Magnólia Fernandes Florêncio de Araújo
Jair  de Oliveira,Marcia Caroline Pereira Gonçalves
Marcia Caroline Pereira Gonçalves,Givan José Ferreira dos Santos
Givan José Ferreira dos Santos,Jair  de Oliveira
Fátima Kzam Damaceno de  Lacerda,Mônica  Pereira
Mônica  Pereira,Anderson dos Santos  Portugal
Anderson dos Santos  Portugal,Fátima Kzam Damaceno de  Lacerda
Siony  da Silva,Carlos Eduardo Rocha dos Santos
Carlos Eduardo Rocha dos Santos,Ligia Petrolini de  Oliveira
Ligia Petrolini de  Oliveira,Victoria Alejandra Salazar  Herrera
Victoria Alejandra Salazar  Herrera,Siony  da Silva
Josiane Aparecida Baroto  Pavão,Osmar Pedrochi Junior
Osmar Pedrochi Junior,Josiane Aparecida Baroto  Pavão
Simone Luccas,Vera Adriana Huang Azevedo Hypolito
Vera Adriana Huang Azevedo Hypolito,Selma Santos  Rosa
Selma Santos  Rosa,Simone Luccas
Rafaele Rodrigues de  Araujo,Daiane Rattmann Magalhães  Pirez
Daiane Rattmann Magalhães  Pirez,Anahy Arrieche  Fazio
Anahy Arrieche  Fazio,Franciele Pires  Ruas
Franciele Pires  Ruas,Rafaele Rodrigues de  Araujo
Solange Fátima Reis Conterno,Beatriz Rosana Gonçalves de Oliveira Toso
Beatriz Rosana Gonçalves de Oliveira Toso,Ana Tereza Bittencourt Guimarães
Ana Tereza Bittencourt Guimarães,Cláudia Silveira Viera
Cláudia Silveira Viera,Rose Meire Costa
Rose Meire Costa,Rosa Maria Rodrigues
Rosa Maria Rodrigues,Gicelle Galvan Machineski
Gicelle Galvan Machineski,Solange Fátima Reis Conterno
Amanda Cristina Sá de Moraes  Quintela,Aline Rocha Santana Da Silva
Aline Rocha Santana Da Silva,Vivian da Costa  França
Vivian da Costa  França,Julio Cesar Teixeira de  Freitas
Julio Cesar Teixeira de  Freitas,Amanda Cristina Sá de Moraes  Quintela
Phillip Vilanova  Ilha,Ismael Jung   Sanchotene
Ismael Jung   Sanchotene,Patrí­cia Becker  Engers
Patrí­cia Becker  Engers,Raquel  Ruppenthal
Raquel  Ruppenthal,Phillip Vilanova  Ilha
Aline Maria de Medeiros Rodrigues  Reali,Bruna Cury de  Barros
Bruna Cury de  Barros,Carolina Marini
Carolina Marini,Aline Maria de Medeiros Rodrigues  Reali
Vanessa Canuto  Coelho,Annie Gomes Redig
Annie Gomes Redig,Carla Cristina Cardoso Vimercati   Vimercati
Carla Cristina Cardoso Vimercati   Vimercati,Débora  Araujo Ramalho de Freitas  Oliveira
Débora  Araujo Ramalho de Freitas  Oliveira,Maiara da Silva Conceição  Barreto
Maiara da Silva Conceição  Barreto,Mariana Traverso da Conceição  Traverso da Conceição
Mariana Traverso da Conceição  Traverso da Conceição,Vanessa Canuto  Coelho
Gerlinde Teixeira,Sarah Beatriz Salvador Castro  Faria
Sarah Beatriz Salvador Castro  Faria,Juliana Mendes
Juliana Mendes,Vitor Erthal
Vitor Erthal,Adriano Theodoro
Adriano Theodoro,Gerlinde Teixeira
Alessandra Maria Martins Gaidargi,Alessandra Maria Martins Gaidargi
Norma Valéria Dantas de Oliveira Souza,Thereza Christina Mó y Mó Loureiro Varella
Thereza Christina Mó y Mó Loureiro Varella,Eloa Carneiro Carvalho
Eloa Carneiro Carvalho,Karla Biancha Silva de  Andrade
Karla Biancha Silva de  Andrade,Samira Silva Santos  Soares
Samira Silva Santos  Soares,Sandra Regina Maciqueira Pereira
Sandra Regina Maciqueira Pereira,Sheila Nascimento Pereira de Farias
Sheila Nascimento Pereira de Farias,Norma Valéria Dantas de Oliveira Souza
Luis Felipe Dias  Lopes,Nuvea Kuhn
Nuvea Kuhn,Luis Felipe Dias  Lopes
Leander Luiz Klein,Kelmara Mendes Vieira
Kelmara Mendes Vieira,Gabrielle Fagundes Postiglioni
Gabrielle Fagundes Postiglioni,Géderson Donaduzzi
Géderson Donaduzzi,Caroline dos Santos Porto
Caroline dos Santos Porto,Leander Luiz Klein
Silvio de Cassio Costa   Telles,João Gabriel de Mello
João Gabriel de Mello,Renato Cavalcanti  Novaes
Renato Cavalcanti  Novaes,Silvio de Cassio Costa   Telles
Lenilton Alex de Araujo  Oliveira,Fabricio Nilo Lima da  Silva
Fabricio Nilo Lima da  Silva,Osnan Lennon Lameira  Silva
Osnan Lennon Lameira  Silva,Luã Caldas de  Oliveira
Luã Caldas de  Oliveira,Lenilton Alex de Araujo  Oliveira
Caroline Porto de  Oliveira,Isabela Cristina Brito  Gonçalves
Isabela Cristina Brito  Gonçalves,Patrí­cia do Socorro de Campos da  Silva
Patrí­cia do Socorro de Campos da  Silva,Jaqueline Lopes de  Oliveira
Jaqueline Lopes de  Oliveira,Caroline Porto de  Oliveira
Rosângela  Maia,Silvia Letí­cia Costa Pereira  Correia
Silvia Letí­cia Costa Pereira  Correia,Diego Aric  Cerqueira e Cruz
Diego Aric  Cerqueira e Cruz,Lorena Bárbara da Rocha  Ribeiro
Lorena Bárbara da Rocha  Ribeiro,Rosângela  Maia
Arthur Vianna  Ferreira,Marcio Bernardino  Sirino
Marcio Bernardino  Sirino,Arthur Vianna  Ferreira
Carlitos Luí­s  Sitoie,Jurandir Dutra
Jurandir Dutra,Carlitos Luí­s  Sitoie
Marcelo de Jesus Sousa,Marcelo de Jesus Sousa
Zeina Rebouças Corrêa  Thomé,Jucimara Canto  Gomes
Jucimara Canto  Gomes,Zeina Rebouças Corrêa  Thomé
Rose Mary Costa Rosa Andrade  Silva,Angelica Yolanda Bueno Bejarano Vale de  Medeiros
Angelica Yolanda Bueno Bejarano Vale de  Medeiros,Eliane Ramos  Pereira
Eliane Ramos  Pereira,Rose Mary Costa Rosa Andrade  Silva
Gláucia Alves  Silva,Rodrigo de Araújo Soares
Rodrigo de Araújo Soares,Gláucia Alves  Silva
Edna Maria Biz  Pasini,Jorge Maurí­cio da Silva Brito
Jorge Maurí­cio da Silva Brito,Edna Maria Biz  Pasini
Gabriela Trindade  Perry,Napoliana Silva de  Souza
Napoliana Silva de  Souza,Gabriela Trindade  Perry
Daniel Neto Francisco,Daniel Neto Francisco
Luciane Grossi,Paulo Sergio  Schelesky
Paulo Sergio  Schelesky,Ana Lúcia Pereira
Ana Lúcia Pereira,Luciane Grossi
Hellen Candida  Alves,Leandro de Oliveira Silva
Leandro de Oliveira Silva,David Almeida dos  Santos
David Almeida dos  Santos,Hellen Candida  Alves
Dante Marcello Claramonte Gallian,Adriana Teixeixa Pereira
Adriana Teixeixa Pereira,Simeão Donizete  Sass
Simeão Donizete  Sass,Dante Marcello Claramonte Gallian
Adair Nacarato,Flavia Machado Fortes
Flavia Machado Fortes,Adair Nacarato
Everton Garcia da Costa,Everton Garcia da Costa
Roberto  Gimenez,Viviane Spadaro  Di Gesú
Viviane Spadaro  Di Gesú,Roberto  Gimenez
Maria Cristina  Leandro de Paiva,Raí­ssa Araújo  Silva
Raí­ssa Araújo  Silva,Maria Cristina  Leandro de Paiva
Érica de Melo Azevedo,Érica de Melo Azevedo
Monica Dahmouche,Simone Pinheiro  Pinto
Simone Pinheiro  Pinto,Monica Dahmouche
Lúcia Renata dos Santos  Silveira,Neslei Noguez Nogueira
Neslei Noguez Nogueira,Rita de Cássia de Souza Soares  Ramos
Rita de Cássia de Souza Soares  Ramos,Denise Nascimento  Silveira
Denise Nascimento  Silveira,Lúcia Renata dos Santos  Silveira
Luciana Mourão,Danielle Mello  Ferreira
Danielle Mello  Ferreira,Luciana Mourão
Paloma Alves Saraiva Teles,Andressa Aguiar Araújo
Andressa Aguiar Araújo,Ana Cristina Batista dos Santos
Ana Cristina Batista dos Santos,Arthur Ví­tor Cruz Alencar
Arthur Ví­tor Cruz Alencar,Paloma Alves Saraiva Teles
Trajano Felipe Barrabas Xavier da  Silva,Humberto Costa
Humberto Costa,Tania   Stoltz
Tania   Stoltz,Trajano Felipe Barrabas Xavier da  Silva
Rute Grael  Jorge,Rute Grael  Jorge
Sidnei Celerino da Silva,Ruy Fernandes da Silva Costa
Ruy Fernandes da Silva Costa,João Rafael Martelo
João Rafael Martelo,Wagner Dantas de Souza Junior
Wagner Dantas de Souza Junior,Sidnei Celerino da Silva
Eduardo Damião Silva,Daniel Ferreira Santos
Daniel Ferreira Santos,Ana Carolina  Baggio Fabricio
Ana Carolina  Baggio Fabricio,Eduardo Damião Silva
Fernando de Jesus Moreira Júnior,Kelmara Mendes Vieira
Kelmara Mendes Vieira,Pedro Saulo Rocha Martins
Pedro Saulo Rocha Martins,Reisoli Bender Filho
Reisoli Bender Filho,Fernando de Jesus Moreira Júnior
Eusélia Pavaglio  Vieira,Mara Aparecida Barnaski Fagundes Fagundes
Mara Aparecida Barnaski Fagundes Fagundes,Jorge Oneide  Sausen
Jorge Oneide  Sausen,Eusélia Pavaglio  Vieira
Jhonatas Mayke Junkes de Carvalho,Tarliz Liao
Tarliz Liao,Jhonatas Mayke Junkes de Carvalho
Glauce Barbosa  Verão,Lucas Alves  Maroubo
Lucas Alves  Maroubo,Iago Dias dos  Santos
Iago Dias dos  Santos,Laize Sampaio Chagas e  Silva
Laize Sampaio Chagas e  Silva,Pedro Henrique Bethônico Pinto  Guimarães
Pedro Henrique Bethônico Pinto  Guimarães,Glauce Barbosa  Verão
Ana Lucia da Silva Bezerra,Daniela Karine Ramos
Daniela Karine Ramos,Ana Lucia da Silva Bezerra
Isabela  Nardi da Silva,Juarez Bento da Silva
Juarez Bento da Silva,Simone  Meister Sommer Bilessimo
Simone  Meister Sommer Bilessimo,Gisele Ramos  Scheffer
Gisele Ramos  Scheffer,Isabela  Nardi da Silva
Carlos Alberto Moreira dos Santos,Jean Marcel  Capuzzi
Jean Marcel  Capuzzi,Carlos Alberto Moreira dos Santos
Ademir Aparecido Pinhellli  Mendes,Irene  Zangalli
Irene  Zangalli,Ademir Aparecido Pinhellli  Mendes
Patrí­cia Ortiz Monteiro,Monica de Castro Mello Teruya
Monica de Castro Mello Teruya,Renato Almeida
Renato Almeida,Zuleika Zamoner
Zuleika Zamoner,Patrí­cia Ortiz Monteiro
Jorge Vieira da  Rocha,Claudio Marcos Maciel da  Silva
Claudio Marcos Maciel da  Silva,Jorge Vieira da  Rocha
Vanessa Lôbo de  Carvalho,Erivaldo Santos de  Lima
Erivaldo Santos de  Lima,Vanessa Lôbo de  Carvalho
Maria Alice Veiga Ferreira de Souza,Daniel da Fonseca  Pereira
Daniel da Fonseca  Pereira,Maria Alice Veiga Ferreira de Souza
José Lauro  Martins,Robert da Silva  Soares Junior
Robert da Silva  Soares Junior,José Lauro  Martins
Lilian Soares Alves  Branco,Alcimar Roberto Kowalski
Alcimar Roberto Kowalski,João Mattar
João Mattar,Lohayny Costa  Barbosa
Lohayny Costa  Barbosa,Lilian Soares Alves  Branco
Gilberto Santana dos Santos Júnior,Vinicius Henrique dos Santos Gomes
Vinicius Henrique dos Santos Gomes,Oilzon Inácio dos Santos Filho
Oilzon Inácio dos Santos Filho,Juliete Lizandra dos Santos Cavalcante
Juliete Lizandra dos Santos Cavalcante,Gilberto Santana dos Santos Júnior
Lilin Li,Enilda Romero-Hall
Enilda Romero-Hall,Lilin Li
Roberta Flávia Ribeiro Rolando Vasconcellos,Onofre Saback dos Anjos
Onofre Saback dos Anjos,Daniel Fábio  Salvador
Daniel Fábio  Salvador,Marcela de Abreu Moniz
Marcela de Abreu Moniz,Roberta Flávia Ribeiro Rolando Vasconcellos
Paulo César Gomes,Antoneli da Silva  Ramos
Antoneli da Silva  Ramos,Paulo César Gomes
Jorge Maurí­cio da Silva Brito,Jorge Maurí­cio da Silva Brito
Marize Lyra Silva Passos,Marize Lyra Silva Passos
Ana Maria Sampaio dos Santos,Francisco Ariclene Oliceira
Francisco Ariclene Oliceira,Ana Maria Sampaio dos Santos
Jaciara Maria Felix,Ivanda Maria Martins Silva
Ivanda Maria Martins Silva,Jaciara Maria Felix
Fernanda Roda de Souza Araújo Cassundé,Milka Alves Correia Barbosa
Milka Alves Correia Barbosa,Caroline Lins Teixeira Pinto
Caroline Lins Teixeira Pinto,Fernanda Roda de Souza Araújo Cassundé
Débora Nice Ferrari Barbosa,Rafael Arnold
Rafael Arnold,Paulo Ricardo dos Santos
Paulo Ricardo dos Santos,Débora Nice Ferrari Barbosa
Almerinda Tereza Bianca Bez Batti Dias,Michele Domingos Schneider
Michele Domingos Schneider,Rodrigo Rodolfo
Rodrigo Rodolfo,Elisa Netto Zanette
Elisa Netto Zanette,Almerinda Tereza Bianca Bez Batti Dias
Simone Loureiro Brum Imperatore,Simone Loureiro Brum Imperatore
Daniela Jordão Garcia   Perez,Wanderlucy Czeszak
Wanderlucy Czeszak,Daniela Melaré Vieira   Barros
Daniela Melaré Vieira   Barros,Elisa Tomoe Moriya Schlünzen
Elisa Tomoe Moriya Schlünzen,Daniela Jordão Garcia   Perez
Fabiane Mondini,Josiel de Oliveira Batista
Josiel de Oliveira Batista,Luciane Ferreira Mocrosky
Luciane Ferreira Mocrosky,Fabiane Mondini
Giselle Rôças  Rôças,Eduardo dos Santos de Oliveira  Braga
Eduardo dos Santos de Oliveira  Braga,Giselle Rôças  Rôças
Ana Raquel da Cruz Proença,Tarliz Liao
Tarliz Liao,Ana Raquel da Cruz Proença
Marilene Santana dos Santos Garcia,Claire M. Martinez Stele
Claire M. Martinez Stele,Marilene Santana dos Santos Garcia
Berenice Perpetua Simão,Rozania Viana Miranda
Rozania Viana Miranda,Artur de Sousa Moret
Artur de Sousa Moret,Jeferson Cardoso e Silva
Jeferson Cardoso e Silva,Berenice Perpetua Simão
Francisco Mirialdo Chaves Trigueiro,Fernando Thiago
Fernando Thiago,Jeyze Carla Carvalho
Jeyze Carla Carvalho,Francisco Mirialdo Chaves Trigueiro
Suely  Scherer,Frederico Fernandes
Frederico Fernandes,Suely  Scherer
Frederico Alan de Oliveira Cruz,Natalia Alves Machado
Natalia Alves Machado,Frederico Alan de Oliveira Cruz
Clever Gomes  Cardoso,Fernanda Rosiak Gonzaga   Faleiro
Fernanda Rosiak Gonzaga   Faleiro,Cristiane Lopes Simão  Lemos
Cristiane Lopes Simão  Lemos,Clever Gomes  Cardoso
Victória Mottim Gaio,Graziela Ferreira de Souza
Graziela Ferreira de Souza,Victória Mottim Gaio
Vanilda Maria Santos Teófilo,Rodrigo Lobato
Rodrigo Lobato,Vanilda Maria Santos Teófilo
Daniel Fábio  Salvador,Ranlig Carvalho de  Medeiros
Ranlig Carvalho de  Medeiros,Benjamin Carvalho Teixeira  Pinto
Benjamin Carvalho Teixeira  Pinto,Daniel Fábio  Salvador
Maria Jose Carvalho  de Souza Domingues,Joseli Konig  Ramos
Joseli Konig  Ramos,Jeane Caroline  Boeira
Jeane Caroline  Boeira,Adriana  Kroenke
Adriana  Kroenke,Maria Jose Carvalho  de Souza Domingues
Maria de Fátima Alves  de Oliveira,Cássio Gomes  Rosse
Cássio Gomes  Rosse,Glauca Torres  Aragon
Glauca Torres  Aragon,Maria de Fátima Alves  de Oliveira
Lauren Kleinert Londero Saldanha,Reisoli Bender Filho
Reisoli Bender Filho,Lauren Kleinert Londero Saldanha
Lia Machado Fiuza Fialho,Karla Angélica Silva do  Nascimento
Karla Angélica Silva do  Nascimento,Lia Machado Fiuza Fialho
Helaine Patricia  Ferreira,Marcos Benatti  Antunes
Marcos Benatti  Antunes,Helaine Patricia  Ferreira
Elenice Monte  Alvarenga,Elenice Monte  Alvarenga
Maria Augusta Vasconcelos  Palácio,Laí­s Barreto de Brito  Gonçalves
Laí­s Barreto de Brito  Gonçalves,Antonio Germane Alves  Pinto
Antonio Germane Alves  Pinto,Sandra Mara Pimentel  Duavy
Sandra Mara Pimentel  Duavy,Ana Paula Agostinho  Alencar
Ana Paula Agostinho  Alencar,Rauana dos Santos Faustino
Rauana dos Santos Faustino,Maria Augusta Vasconcelos  Palácio
Jaison Sfogia Ricardo,Jaison Sfogia Ricardo
Samira Fayez Kfouri,Creuza Martins França
Creuza Martins França,Jair De Oliveira
Jair De Oliveira,Samira Fayez Kfouri
Marcelo Ferreira de Melo,Marcelo Ferreira de Melo
Beatriz Helena Dal Molin,Julia Cristina Granetto Moreira
Julia Cristina Granetto Moreira,Beatriz Helena Dal Molin
Érica de Melo Azevedo,Érica de Melo Azevedo
Giovanna Velloso dos Santos,Simone Guimarães Custódio
Simone Guimarães Custódio,Márcia Maria Dias Reis Pacheco
Márcia Maria Dias Reis Pacheco,Camila Aparecida Silva Rosa Marinelo
Camila Aparecida Silva Rosa Marinelo,Laí­s Renó Satalibe Costa
Laí­s Renó Satalibe Costa,Giovanna Velloso dos Santos
Mauricio Pinto da Luz,Mauricio Pinto da Luz
Roberta Flávia Ribeiro Rolando Vasconcellos,Natalia Xavier Pereira da Costa
Natalia Xavier Pereira da Costa,Roberta Flávia Ribeiro Rolando Vasconcellos
Jefferson Bruno Pereira Ribeiro,Jonathan Rosa Moreira
Jonathan Rosa Moreira,Everson da Silva Barros
Everson da Silva Barros,Jefferson Bruno Pereira Ribeiro
Vanderlei Folmer,Carla Denize Ott Felcher
Carla Denize Ott Felcher,Vanderlei Folmer
Ricardo Costa Gonçalves,Itaan Pastor Santos
Itaan Pastor Santos,Ricardo Costa Gonçalves
Ricardo Rodrigues Silveira de Mendonça,Julio Cesar Andrade de Abreu
Julio Cesar Andrade de Abreu,Marcos Tanure SANABIO
Marcos Tanure SANABIO,Ricardo Rodrigues Silveira de Mendonça
Thais Petizero Dionizio,Thais Petizero Dionizio
Rodrigo Giliardi Pasquetto,Suyane de Souza Lemos
Suyane de Souza Lemos,Rodrigo Giliardi Pasquetto
Simone Monteiro,Francisco José Figueiredo Coelho
Francisco José Figueiredo Coelho,Simone Monteiro
Rejane Maria de Almeida Amorim,Rejane Maria de Almeida Amorim
Sabrina do Couto de Miranda,Hellen Corrêa da Silva
Hellen Corrêa da Silva,Plauto Simão De-Carvalho
Plauto Simão De-Carvalho,Joyce Siqueira
Joyce Siqueira,Sabrina do Couto de Miranda
Paula Mariza Zedu Alliprandini,Juliana Gomes Fernandes
Juliana Gomes Fernandes,Luciane Guimarães Batistela Bianchini
Luciane Guimarães Batistela Bianchini,Paula Mariza Zedu Alliprandini
Lúcia Regina Goulart Vilarinho,Mônica Ferreira
Mônica Ferreira,Lúcia Regina Goulart Vilarinho
Carlos Eduardo Bielschowsky,Carlos Eduardo Bielschowsky
Maiara Pereira Teles,Naldeir dos Santos Vieira
Naldeir dos Santos Vieira,Agnaldo Keiti Higuchi
Agnaldo Keiti Higuchi,Daniela Cristina da Silveira Campos
Daniela Cristina da Silveira Campos,Adriana Aparecida da Conceição Santos Sá
Adriana Aparecida da Conceição Santos Sá,Maiara Pereira Teles
Elaine Cristina Carvalho Duarte,Elaine Cristina Carvalho Duarte
Thomas Andrew Holmes Goodman,Fabiana Adão Silva
Fabiana Adão Silva,Victor Gonçalves Gloria Freitas
Victor Gonçalves Gloria Freitas,Bianca Maria Rego Martins
Bianca Maria Rego Martins,Pedro Almeida Cunha
Pedro Almeida Cunha,Thomas Andrew Holmes Goodman
Denise Celeste Godoy de Andrade Rodrigues,Macsuel Miranda de Oliveira
Macsuel Miranda de Oliveira,Denise Celeste Godoy de Andrade Rodrigues
Jose António Marques Moreira,Eniel do Espirito Santo
Eniel do Espirito Santo,Ariston de Lima Cardoso
Ariston de Lima Cardoso,Adilson Gomes dos Santos
Adilson Gomes dos Santos,Daniela Melaré Vieira Barros
Daniela Melaré Vieira Barros,Jose António Marques Moreira
Victor Augusto Giraldo,Daniela Mendes Vieira da Silva
Daniela Mendes Vieira da Silva,Agnaldo da Conceição Esquincalha
Agnaldo da Conceição Esquincalha,Victor Augusto Giraldo
Maria Cristina da Rosa Fonseca da Silva,Miriam de C. C. M. Mattos
Miriam de C. C. M. Mattos,Maria Cristina da Rosa Fonseca da Silva
Antônio Carlos Pereira dos Santos Junior,Sumária Sousa e Silva
Sumária Sousa e Silva,Antônio Carlos Pereira dos Santos Junior
Revisão técnica e introdução:João Mattar,Chitu Okoli
Chitu Okoli,Traduzido por:David Wesley Amado Duarte
Traduzido por:David Wesley Amado Duarte,Revisão técnica e introdução:João Mattar
Esteban Lopez Moreno,Esteban Lopez Moreno
Carlos Eduardo Bielschowsky,Carlos Eduardo Bielschowsky
Adriana Baptista,Vivian Martins
Vivian Martins,Adriana Baptista
Patrí­cia Ortiz Monteiro,David Vieira Carneiro
David Vieira Carneiro,Patrí­cia Ortiz Monteiro
Glauca Torres Aragon,Suellen Silva dos Santos de Souza
Suellen Silva dos Santos de Souza,Glauca Torres Aragon
Daniel Fábio Salvador,Luiz Gustavo Ribeiro Rolando
Luiz Gustavo Ribeiro Rolando,Maurí­cio Roberto Motta Pinto da Luz
Maurí­cio Roberto Motta Pinto da Luz,Daniel Fábio Salvador
Marcelo Werneck Barbosa,Marcelo Werneck Barbosa
Lydia Dayanne Maia Pantoja,Germana Costa Paixão
Germana Costa Paixão,Racquel Oliveira da Silva Souza
Racquel Oliveira da Silva Souza,Fátima Aurilane de Aguiar Lima
Fátima Aurilane de Aguiar Lima,João Paulo Silva Pinheiro
João Paulo Silva Pinheiro,Lydia Dayanne Maia Pantoja
Pedro dos Santos Portugal Junior,Simone de Paula Teodoro Moreira
Simone de Paula Teodoro Moreira,Wanderson Gomes de Souza
Wanderson Gomes de Souza,Alessandro Messias Moreira
Alessandro Messias Moreira,Pedro dos Santos Portugal Junior
Ricardo Alves Moraes,Carlo Kleber da Silva Rodrigues
Carlo Kleber da Silva Rodrigues,José Gladistone da Rocha
José Gladistone da Rocha,Ricardo Alves Moraes
Silvana Claudia dos Santos,Layla Julia Gomes Mattos
Layla Julia Gomes Mattos,Silvana Claudia dos Santos
Mirian Lange Noal,Patrí­cia Graciela Rocha
Patrí­cia Graciela Rocha,Daniela Sayuri Kawamoto Kanashiro
Daniela Sayuri Kawamoto Kanashiro,Mirian Lange Noal
Cleide Jane de Sá Araújo Costa,Emmanuele Maria Correia Costa
Emmanuele Maria Correia Costa,Cleide Jane de Sá Araújo Costa
Igor Matheus Barreto Gurgel,Ana Catarina Alves Coutinho
Ana Catarina Alves Coutinho,Igor Matheus Barreto Gurgel
Gislene Miotto Catolino Raymundo,Luciana Senter
Luciana Senter,Gislene Miotto Catolino Raymundo
Golbery de Oliveira Chagas Aguiar Rodrigues,Teobaldo Gabriel de Souza Junior
Teobaldo Gabriel de Souza Junior,Golbery de Oliveira Chagas Aguiar Rodrigues
Antonio Vanderlei Dos Santos,Cleice T. Werner da Rosa
Cleice T. Werner da Rosa,Bianca Stéfani Vieira
Bianca Stéfani Vieira,Antonio Vanderlei Dos Santos
Lucas Santiago dos Santos,Keiciane Canabarro Drehmer Marques
Keiciane Canabarro Drehmer Marques,Luiz Caldeira Brant de Tolentino Neto
Luiz Caldeira Brant de Tolentino Neto,Lucas Santiago dos Santos
Carlos Eduardo Bielschowsky,Carlos Eduardo Bielschowsky
Andressa Ferreira Ramalho Leite,Andressa Ferreira Ramalho Leite
Frederico Alan de Oliveira Cruz,Marilia Amável Gomes Soares
Marilia Amável Gomes Soares,Viviane Muniz da Silva Fragoso
Viviane Muniz da Silva Fragoso,Frederico Alan de Oliveira Cruz
Rogério Colpani,Rogério Colpani
Esteban Lopez Moreno,Esteban Lopez Moreno
Zulmara Carvalho,Andréia Marcelino Ernesto Ribeiro
Andréia Marcelino Ernesto Ribeiro,Zulmara Carvalho
Tanise Paula Novello,Fernanda Fátima Cofferri
Fernanda Fátima Cofferri,Marcia Lorena Saurin Martinez
Marcia Lorena Saurin Martinez,Tanise Paula Novello
Ketilin Mayra Pedro,Silvana Galvani Claudino Kamazaki
Silvana Galvani Claudino Kamazaki,Vera Lucia Messias Fialho Capellini
Vera Lucia Messias Fialho Capellini,Anna Augusta Sampaio de Oliveira
Anna Augusta Sampaio de Oliveira,Ketilin Mayra Pedro
Eduardo Martin Moreira Costa,Edimilson Eduardo da Silva
Edimilson Eduardo da Silva,Eduardo Martin Moreira Costa
Anderson Sasaki Vasques Pacheco,Karin Vieira da Silva
Karin Vieira da Silva,João Peixoto
João Peixoto,Anderson Sasaki Vasques Pacheco
Marcelo Franco Leão,Marcelo Franco Leão
Esteban Lopez Moreno,Esteban Lopez Moreno
Carlos Eduardo Bielschowsky,Carlos Eduardo Bielschowsky
José Rogério Vitkowski,José Rogério Vitkowski
Juliana Chueire Lyra,Fábio Luiz da Silva
Fábio Luiz da Silva,Fabiane Tais Muzardo
Fabiane Tais Muzardo,Juliana Chueire Lyra
Sheldon William Silva,Edmilson Silva Souza
Edmilson Silva Souza,Letí­cia Veiga Vasques
Letí­cia Veiga Vasques,Sheldon William Silva
Ana Maria Marques Palagi,Maria Helena Cavalcanti da Silva Belchior
Maria Helena Cavalcanti da Silva Belchior,Ana Maria Marques Palagi
Catarina Costa Fernandes,Cezar Fonseca
Cezar Fonseca,Catarina Costa Fernandes
Rozane da Silveira Alves,Thaí­s Philipsen Grützmann
Thaí­s Philipsen Grützmann,Rozane da Silveira Alves
Adriane Orenha Ottaiano,Elaine Cristina Ferreira de Oliveira
Elaine Cristina Ferreira de Oliveira,Mara Rosana Pedrinho
Mara Rosana Pedrinho,Adriane Orenha Ottaiano
Dinamara P Machado,Marilene Santana dos Santos Garcia
Marilene Santana dos Santos Garcia,Dinamara P Machado
Lidiane Maria Magalini,Guilherme de Carvalho Pereira
Guilherme de Carvalho Pereira,Lidiane Maria Magalini
Diva Albuquerque Maciel,Priscila Costa Santos
Priscila Costa Santos,Diva Albuquerque Maciel
Bianca Vargas Tolomei,Bianca Vargas Tolomei
Érica Insaurriaga Megiato,Rafael Nietsche Renzetti Ouriques
Rafael Nietsche Renzetti Ouriques,Flora Moritz da Silva
Flora Moritz da Silva,Érica Insaurriaga Megiato
Suselei Bedin Affonso,Suselei Bedin Affonso
Ismar Frango Silveira,Marcos Viní­cius Mendonça Andrade
Marcos Viní­cius Mendonça Andrade,Carlos Fernando Araújo Jr.
Carlos Fernando Araújo Jr.,Ismar Frango Silveira
Simone Monteiro,Francisco José Figueiredo Coelho
Francisco José Figueiredo Coelho,Simone Monteiro
Fabiano Lemos Pereira,Fabiano Lemos Pereira
Elena Maria Mallmann,Edméa Santos
Edméa Santos,Elena Maria Mallmann
Tatiana Rossini,Tatiana Rossini
Juliana Sales Jacques,Juliana Sales Jacques
Elena Maria Mallmann,Mara Denize Mazzardo
Mara Denize Mazzardo,Ana Maria Ferreira Nobre
Ana Maria Ferreira Nobre,Elena Maria Mallmann
Ana Paula Correia,Ana Paula Correia
Vilson José Leffa,Alan Ricardo Costa
Alan Ricardo Costa,Vilson José Leffa
Miriam Struchiner,Maria Augusta Vasconcelos Palácio
Maria Augusta Vasconcelos Palácio,Miriam Struchiner
Rui Rosa,Hélder Ferreira Pereira
Hélder Ferreira Pereira,Ana Maria Nobre
Ana Maria Nobre,Rui Rosa
Luiz Gustavo Ribeiro Rolando,Esteban Lopez Moreno
Esteban Lopez Moreno,Luiz Gustavo Ribeiro Rolando
Gustavo Luiz Gava,Gustavo Luiz Gava
Ivana Célia Franco Paião,Ana Laura Franco Paião
Ana Laura Franco Paião,Ivana Célia Franco Paião
Ana Beatriz Gomes Carvalho,Amanda Amorim Costa e Silva
Amanda Amorim Costa e Silva,Ana Beatriz Gomes Carvalho
Marcelo Almeida Bairral,Robson Marques de Souza
Robson Marques de Souza,Marcelo Almeida Bairral
Rita Manuela Barros,Angélica Monteiro
Angélica Monteiro,Rita Manuela Barros
Thaí­s Tenório,André Tenório
André Tenório,Valeria Pontes da Costa Reis
Valeria Pontes da Costa Reis,Thaí­s Tenório
Marcelo Ladislau da Silva,Andreza Regina Lopes da Silva
Andreza Regina Lopes da Silva,Andreia de Bem Machado
Andreia de Bem Machado,Marcelo Ladislau da Silva
Andrezza Marianna Pinto de Oliveira,Marcella Arianna Pinto de Oliveira
Marcella Arianna Pinto de Oliveira,Sí­lvio Luiz de Paula
Sí­lvio Luiz de Paula,José Ricardo Costa de Mendonça
José Ricardo Costa de Mendonça,Andrezza Marianna Pinto de Oliveira
Marcos Viní­cius Mendonça Andrade,Marcos Viní­cius Mendonça Andrade
Luiz Gustavo Ribeiro Rolando,Esteban Moreno
Esteban Moreno,Luiz Gustavo Ribeiro Rolando
Jusselma Ferreira Maia,Raquel Maia Bokums
Raquel Maia Bokums,Jusselma Ferreira Maia
André Tenório,Thaí­s Tenório
Thaí­s Tenório,Fabiana Aparecida Rodrigues
Fabiana Aparecida Rodrigues,André Tenório
Tamiris Santana Pereira Cirilo,Fernanda Roda Cassundé
Fernanda Roda Cassundé,Edson Gomes Silva
Edson Gomes Silva,Laí­s da Silva Santos
Laí­s da Silva Santos,Adler Henrique Santos Souza
Adler Henrique Santos Souza,Graça Suely Gomes Souza
Graça Suely Gomes Souza,Tamiris Santana Pereira Cirilo
Rommulo Mendes Carvalho Barreiro,Rommulo Mendes Carvalho Barreiro
Mailson Alan de Godoi,Mailson Alan de Godoi
Silviane Luca de Avila,Fernando Ramos Lengler
Fernando Ramos Lengler,Marcos Baptista Lopez Dalmau
Marcos Baptista Lopez Dalmau,Emerson Correia da Silva
Emerson Correia da Silva,Silviane Luca de Avila
André Tenório,Thaí­s Tenório
Thaí­s Tenório,Cleonice Pereira do Nascimento Bittencourt
Cleonice Pereira do Nascimento Bittencourt,André Tenório
Ildenice Lima Costa,Andréa Neves Nogueira Rochefeller
Andréa Neves Nogueira Rochefeller,Ildenice Lima Costa
Alexandre Henrique Andrade de Melo,Márcia Maria de Medeiros Travassos Saeger
Márcia Maria de Medeiros Travassos Saeger,Alexandre Henrique Andrade de Melo
Claudia Marcia Borges Barreto,Adriano Theodoro
Adriano Theodoro,Gerlinde Agate Platais Brasil Teixeira
Gerlinde Agate Platais Brasil Teixeira,Claudia Marcia Borges Barreto
Sara Garcia Martinez,Sara Garcia Martinez
Joaquim Armando Gomes Alves Ferreira,Janaí­na Copello Quintes Monnerat
Janaí­na Copello Quintes Monnerat,Maria Teresa Ribeiro Pessoa
Maria Teresa Ribeiro Pessoa,Joaquim Armando Gomes Alves Ferreira
Luiz Gustavo Ribeiro Rolando,Esteban Lopez Moreno
Esteban Lopez Moreno,Luiz Gustavo Ribeiro Rolando
Candido Grzybowski,Candido Grzybowski
Vanderlei Leite dos Santos,Juliana Dalbem Omodei
Juliana Dalbem Omodei,Édison Trombeta de Oliveira
Édison Trombeta de Oliveira,Marcos Barros de Souza
Marcos Barros de Souza,Vanderlei Leite dos Santos
Marilene Santana dos Santos Garcia,Marilene Santana dos Santos Garcia
Celina Aparecida Almeida Pereira Abar,Agnaldo da Conceição Esquincalha
Agnaldo da Conceição Esquincalha,Celina Aparecida Almeida Pereira Abar
Gilda Helena Bernardino de Campos,Camila Silva Sousa Santos
Camila Silva Sousa Santos,Gilda Helena Bernardino de Campos
Daniel Rodrigo de Freitas Apolinário,Marcia Izabel Fugisawa Souza
Marcia Izabel Fugisawa Souza,Tércia Zavaglia Torres
Tércia Zavaglia Torres,João dos Santos Vila Silva
João dos Santos Vila Silva,Daniel Rodrigo de Freitas Apolinário
Marcos Antonio Gomes Xavier,Marcos Antonio Gomes Xavier
Luis Fernando Soares,Stenio Nunes Alves
Stenio Nunes Alves,Cristiane Queixa Tilelli
Cristiane Queixa Tilelli,Eduardo Henrique de Matos Lima
Eduardo Henrique de Matos Lima,Luis Fernando Soares
Zilma Mônica Salomão Benvenuti,Marcelo Sebastiani da Cunha Gazzaneu
Marcelo Sebastiani da Cunha Gazzaneu,Zilma Mônica Salomão Benvenuti
Lia Raquel Oliveira,Dorcas Janice Weber
Dorcas Janice Weber,Lia Raquel Oliveira
Maria Cristina Luiz Ferrarini,Ana Lucia Calbaiser da Silva
Ana Lucia Calbaiser da Silva,Maria Cecí­lia Luiz
Maria Cecí­lia Luiz,Maria Cristina Luiz Ferrarini
Luiz Gustavo Ribeiro Rolando,Esteban Lopez Moreno
Esteban Lopez Moreno,Luiz Gustavo Ribeiro Rolando
Maira Penteado,Maira Penteado
André Tenório,Thaí­s Tenório
Thaí­s Tenório,Marilda Adlong Laudelino
Marilda Adlong Laudelino,André Tenório
André Tenório,Thaí­s Tenório
Thaí­s Tenório,Taí­s Rodrigues Marques
Taí­s Rodrigues Marques,Ní­via Patterson
Ní­via Patterson,André Tenório
Patrí­cia Vasconcelos Almeida,Nádia França Teixeira
Nádia França Teixeira,Patrí­cia Vasconcelos Almeida
Felipe Augusto Fernandes Borges,Felipe Augusto Fernandes Borges
Rubem Damião Soares Nogueira,Rubem Damião Soares Nogueira
Lí­via Soares de Lima Sousa,Daniela Da Costa Britto Pereira Lima
Daniela Da Costa Britto Pereira Lima,Lí­via Soares de Lima Sousa
Mariza Silva de Moraes,Mariza Silva de Moraes
Thaí­s Tenório,André Tenório
André Tenório,Cláudio Oliveira da Gama
Cláudio Oliveira da Gama,Thaí­s Tenório
Gabriella Dias,Esteban Lopez Moreno
Esteban Lopez Moreno,Luiz Gustavo Ribeiro Rolando
Luiz Gustavo Ribeiro Rolando,Gabriella Dias
Thaí­s Tenório,André Tenório
André Tenório,Lilia Aparecida Costa Gonçalves
Lilia Aparecida Costa Gonçalves,Thaí­s Tenório
Marina Keiko Nakayama,Carolina Schmitt Nunes
Carolina Schmitt Nunes,Marina Keiko Nakayama
Germano Lechner,Germano Lechner
Mauro Enrique Carozzo-Todaro,Nádia Prazeres Pinheiro-Carozzo
Nádia Prazeres Pinheiro-Carozzo,Mauro Enrique Carozzo-Todaro
Ely Gonçalves,Viviane Maria Penteado Garbelini
Viviane Maria Penteado Garbelini,Ely Gonçalves
Maria do Carmo Galiazzi,Valmir Heckler
Valmir Heckler,Cezar Soares Motta
Cezar Soares Motta,Maria do Carmo Galiazzi
Denise Rocha Corrêa Lannes,Luciano Luz Gonzaga
Luciano Luz Gonzaga,Cristina de Oliveira Maia
Cristina de Oliveira Maia,Denise Rocha Corrêa Lannes
Francieli Ludovico,Julia Cristina Granetto
Julia Cristina Granetto,Beatriz Helena Dal Molin
Beatriz Helena Dal Molin,Francieli Ludovico
Lisete Funari Dias,Carla Denize Ott Felcher
Carla Denize Ott Felcher,Crisna Daniela Krause Bierhalz
Crisna Daniela Krause Bierhalz,Lisete Funari Dias
Ivan Vale Sousa,Ivan Vale Sousa
Paulo Benicio Melo de Sousa,Carlos Henrique Leitão Cavalcante
Carlos Henrique Leitão Cavalcante,Verônica Lima Pimentel de Sousa
Verônica Lima Pimentel de Sousa,Paulo Benicio Melo de Sousa
Raphael Silberman Dereczynski,Eloiza da Silva Gomes de Oliveira
Eloiza da Silva Gomes de Oliveira,Caio Abitbol Carvalho
Caio Abitbol Carvalho,Fabiana Triani Barbosa da Silva
Fabiana Triani Barbosa da Silva,Raphael Silberman Dereczynski
Mercedes Garcí­a Pérez,Ana Marí­a Martí­n-Cuadrado
Ana Marí­a Martí­n-Cuadrado,Carlos Cerrada Somolinos
Carlos Cerrada Somolinos,M. Angeles López-González
M. Angeles López-González,Ignacio Quintana Frí­as
Ignacio Quintana Frí­as,Mercedes Garcí­a Pérez
Elizabeth Soares Ramalho Bastos,Cristina Pfeiffer
Cristina Pfeiffer,Elizabeth Soares Ramalho Bastos
Lina Morgado,Lauriza Quina Barreto do Nascimento
Lauriza Quina Barreto do Nascimento,Maria João Leal
Maria João Leal,Maria João Spilker
Maria João Spilker,Lina Morgado
Josie do Amaral Bastos,Josie do Amaral Bastos
Nathalia Costa Alves,Samira Pirola Santos Mantilla
Samira Pirola Santos Mantilla,Nathalia Costa Alves
Leonardo Morais,Leonardo Morais
Jessica Sarubi de Moura,Dagmar Dias Cerqueira
Dagmar Dias Cerqueira,Jessica Sarubi de Moura
José Nelson Arruda Filho,Germana Costa Paixão
Germana Costa Paixão,Ana Ciléia Pinto Teixeira Henriques
Ana Ciléia Pinto Teixeira Henriques,Francisco Fábio Castelo Branco
Francisco Fábio Castelo Branco,Eloisa Maia Vidal
Eloisa Maia Vidal,José Nelson Arruda Filho
Maurí­cio Luz,Neusa Martins
Neusa Martins,Daniel Fábio Salvador
Daniel Fábio Salvador,Luiz Gustavo Ribeiro Rolando
Luiz Gustavo Ribeiro Rolando,Maurí­cio Luz
Daniel Salvador,Nathalia Alves
Nathalia Alves,Samira Mantilla
Samira Mantilla,Luciana Perdigão
Luciana Perdigão,Mara Campos
Mara Campos,Luiz Gustavo Ribeiro Rolando
Luiz Gustavo Ribeiro Rolando,Daniel Salvador
Daniel Fábio Salvador,Luciana Tavares Perdigão
Luciana Tavares Perdigão,Samira Pirola Santos Mantilla
Samira Pirola Santos Mantilla,Daniel Fábio Salvador
Daniel Fábio Salvador,Mara Lúcia Gomes de Campos
Mara Lúcia Gomes de Campos,Verônica Zegur Maguela
Verônica Zegur Maguela,Claudia Horta
Claudia Horta,Daniel Fábio Salvador
Solange Hassan Ahmad Ali Fernandes,Carlos Eduardo Rocha dos Santos
Carlos Eduardo Rocha dos Santos,Solange Hassan Ahmad Ali Fernandes
Daniel Fábio Salvador,Samira Pirola Santos Mantilla
Samira Pirola Santos Mantilla,Carmem Adilia Simões da Fonseca
Carmem Adilia Simões da Fonseca,Nathalia Costa Alves
Nathalia Costa Alves,Luciana Tavares Perdigão
Luciana Tavares Perdigão,Daniel Fábio Salvador
Raiza Teixeira Griffo Vasconcelos,Elizangela Tonelli
Elizangela Tonelli,João Paulo de Brito Gonçalves
João Paulo de Brito Gonçalves,Raiza Teixeira Griffo Vasconcelos
Eloisa Maia Vidal,Germana Costa Paixão
Germana Costa Paixão,Ana Ciléia Pinto Teixeira Henriques
Ana Ciléia Pinto Teixeira Henriques,Francisco Fábio Castelo Branco
Francisco Fábio Castelo Branco,Eloisa Maia Vidal
Dulce Márcia Cruz,Gustavo de Oliveira Andrade
Gustavo de Oliveira Andrade,Dulce Márcia Cruz
Paulo Roberto Affonso Marins,Hermes Siqueira Bandeira Costa
Hermes Siqueira Bandeira Costa,Paulo Roberto Affonso Marins
Judith Almeida de Mello,Daniel Fábio Salvador
Daniel Fábio Salvador,Luiz Gustavo Ribeiro Rolando
Luiz Gustavo Ribeiro Rolando,Clarisse de Mendonça e Almeida
Clarisse de Mendonça e Almeida,Judith Almeida de Mello
Wagner J. B. Corradi,Jussara Bueno de Queiroz Paschoalino
Jussara Bueno de Queiroz Paschoalino,Marcio Boaventura Junior
Marcio Boaventura Junior,Marcela Rosa de Lima Machado
Marcela Rosa de Lima Machado,Wagner J. B. Corradi
Gabriella Dias de Oliveira,Esteban Lopez Moreno
Esteban Lopez Moreno,Luiz Gustavo Ribeiro Rolando
Luiz Gustavo Ribeiro Rolando,Gabriella Dias de Oliveira
Aurivar Fernandes Filho,Aurivar Fernandes Filho
Simone Becher Araujo Moraes,Simone Becher Araujo Moraes
Amanda Amorim Costa e Silva,Amanda Amorim Costa e Silva
Roberta Evaristo,Alessandra Simão
Alessandra Simão,Julio Cesar Andrade de Abreu
Julio Cesar Andrade de Abreu,Roberta Evaristo
Eliane Quinelato,Suselei Bedin Affonso
Suselei Bedin Affonso,Eliane Quinelato
Rita de Cássia da Silva Soares,Marco Aurelio Silva Souza
Marco Aurelio Silva Souza,Veronica da Silveira Pedro
Veronica da Silveira Pedro,Rita de Cássia da Silva Soares
Isabela Quaglia,Fabiana Sesmilo de Camargo Caetano
Fabiana Sesmilo de Camargo Caetano,Isabela Quaglia
Ludmila Silva ludmilasb@gmail.com,Ludmila Silva ludmilasb@gmail.com
Maria Inês Côrte Vitória,Rosa Maria Rigo
Rosa Maria Rigo,Maria Inês Côrte Vitória
Susany Sales Brandão,Valmir Sales Borges
Valmir Sales Borges,Susany Sales Brandão
Silvia Cristina M. Rodrigues,Maria Salete Genovez
Maria Salete Genovez,Nivaldo Carleto.
Nivaldo Carleto.,Ana Maria Cardoso
Ana Maria Cardoso,Silvia Cristina M. Rodrigues
André Tenório,Elizete Ventura de Souto
Elizete Ventura de Souto,Thaí­s Tenório
Thaí­s Tenório,André Tenório
André Tenório,Rosemeire Spedine Lopes Ferreira
Rosemeire Spedine Lopes Ferreira,Michele Cristina Rodrigues de Almeida
Michele Cristina Rodrigues de Almeida,Luis Henrique Zucon
Luis Henrique Zucon,Thaí­s Tenório
Thaí­s Tenório,André Tenório
Paulo Cristiano de Oliveira,Paulo Cristiano de Oliveira
Rodrigo Anido Lira,Edson Terra Azevedo Filho
Edson Terra Azevedo Filho,Cristiano Souza Marins
Cristiano Souza Marins,Rodrigo Anido Lira
José Ricardo Costa Mendonça,Fernanda Roda Cassundé
Fernanda Roda Cassundé,José Ricardo Costa Mendonça
Antonio Nunes Oliveira,Sergio Roberto Pinho Júnior
Sergio Roberto Pinho Júnior,Patricia Seefelder Assis
Patricia Seefelder Assis,Fátima Kzam Damaceno Lacerda
Fátima Kzam Damaceno Lacerda,Antonio Nunes Oliveira
Silvia Cristina Martini Rodrigues,Ana Maria Cardoso
Ana Maria Cardoso,Nilvaldo Carleto
Nilvaldo Carleto,Maria Salete Genovez
Maria Salete Genovez,Silvia Cristina Martini Rodrigues
Denise Rocha Corrêa Lannes,Cristina Oliveira Maia
Cristina Oliveira Maia,Denise Rocha Corrêa Lannes
Helena Gemignani Peterossi,Fernanda Antonio Simões
Fernanda Antonio Simões,Eliane Antonio Simões
Eliane Antonio Simões,Helena Gemignani Peterossi
Arlindo Fernando Paiva de Carvalho Júnior,Arlindo Fernando Paiva de Carvalho Júnior
Nildo Ferreira Cassundé Junior,Fernanda Roda Cassundé
Fernanda Roda Cassundé,Nildo Ferreira Cassundé Junior
Fábio Adriano Santos da Silva,Fábio Adriano Santos da Silva
Francisco Herbert Lima Vasconcelos,José Ailton Forte Feitosa
José Ailton Forte Feitosa,Ivoneide Pinheiro de Lima
Ivoneide Pinheiro de Lima,Francisco Herbert Lima Vasconcelos
Fátima Kzam Damaceno de Lacerda,Romário de Macedo Espí­ndola
Romário de Macedo Espí­ndola,Fátima Kzam Damaceno de Lacerda
Felipe da Silva Ponte DE CARVALHO,Alice Maria Figueira Reis da COSTA
Alice Maria Figueira Reis da COSTA,Felipe da Silva Ponte DE CARVALHO
Esteban Lopez Moreno,Esteban Lopez Moreno
João Mattar (Trad.),Terry Anderson
Terry Anderson,Jon Dron
Jon Dron,João Mattar (Trad.)
Maria Cristina Bessa Lippmann,Fátima Kzam Lacerda
Fátima Kzam Lacerda,Luiz Fernando Perez Moraes
Luiz Fernando Perez Moraes,Cristina Rodrigues Abrahão
Cristina Rodrigues Abrahão,Maria Cristina Bessa Lippmann
Alcenir Soares Reis,Claudia Silveira Cunha
Claudia Silveira Cunha,Alcenir Soares Reis
Silvia Helena Mousinho,Márcia Spí­ndola
Márcia Spí­ndola,Silvia Helena Mousinho
Silvia Maria Magalhães Costa,Maria Angélica Costa
Maria Angélica Costa,Nilton Balhis dos Santos
Nilton Balhis dos Santos,José Alberto de Francisco Rodriguez
José Alberto de Francisco Rodriguez,David Soeiro Barbosa
David Soeiro Barbosa,Thiago Petra da Silva
Thiago Petra da Silva,Maria João Spilker
Maria João Spilker,Silvia Maria Magalhães Costa
Cristina Pfeiffer,Cristina Pfeiffer
Andreza Regina Lopes da Silva,Andreza Regina Lopes da Silva
Selma Martins Oliveira,Simone Aparecida Tiziotto
Simone Aparecida Tiziotto,Edson Walmir Cazarini
Edson Walmir Cazarini,Jose Dutra Oliveira
Jose Dutra Oliveira,Selma Martins Oliveira
Alice Maria Reis Costa,Alice Maria Reis Costa
Masako Oya Masuda,Masako Oya Masuda
Editor Gerente Gerente,Editor Gerente Gerente
Ana Isabel de Azevedo Spinola Dias,Wanderley Moura Rezende
Wanderley Moura Rezende,Ana Isabel de Azevedo Spinola Dias
Mário José Dias,Francisco Ramos de Farias
Francisco Ramos de Farias,Mário José Dias
Sul Brasil Pinto Rodrigues,Sul Brasil Pinto Rodrigues
Zacarias Gama,Zacarias Gama
Ana Beatriz Garcia,Juliana Maciel Aguiar
Juliana Maciel Aguiar,Cristina dos Santos Ferreira
Cristina dos Santos Ferreira,Ana Beatriz Garcia
Jorge Felippe Leal Magarão,Daniel Fábio Salvador
Daniel Fábio Salvador,Mirian A
Mirian A,Carlos Crapez
Carlos Crapez,Roberta Flávia Ribeiro Rolando
Roberta Flávia Ribeiro Rolando,Luiz Gustavo Ribeiro Rolando
Luiz Gustavo Ribeiro Rolando,Jorge Felippe Leal Magarão
Cleide Ferreira da Silva,Glauca Torres Aragon
Glauca Torres Aragon,Cleide Ferreira da Silva
Marisa Maria Dreyer Breitenbach,Celly Cristina Alves do Nascimento Saba
Celly Cristina Alves do Nascimento Saba,Carmem Adilia Simões Fonseca
Carmem Adilia Simões Fonseca,Daniela Beltrão de Souza
Daniela Beltrão de Souza,Marisa Maria Dreyer Breitenbach
Fátima Teresa Braga Branquinho,Fátima Kzam Lacerda
Fátima Kzam Lacerda,Fátima Teresa Braga Branquinho
Dirceu Esdras Teixeira,Marlene Benchimol
Marlene Benchimol,Marianna Augusta Ferrari do Outeiro Bernstein
Marianna Augusta Ferrari do Outeiro Bernstein,Rodrigo Alcantara Carvalho
Rodrigo Alcantara Carvalho,Dirceu Esdras Teixeira
Ana Paula Correia,Ana Paula Correia
Lenise Lima Fernandes,Maria D.F. Bastos
Maria D.F. Bastos,Maria de Fátima C. M. Gomes
Maria de Fátima C. M. Gomes,Lenise Lima Fernandes
Silvia Helena Mousinho,Márcia Spí­ndola
Márcia Spí­ndola,Silvia Helena Mousinho
Gustavo Costa Souza,André Ferreira
André Ferreira,Juliana Nogarect da Silva Valério
Juliana Nogarect da Silva Valério,Gustavo Costa Souza